id,division,department,section
2009011601,3,,
2022100301,,,1
2022111651,,,1
2022101725,,,1
2015081702,,,1
2015031601,,,1
2024031803,,,1
2023010335,,,1
2022101703,,,1
2016102404,,,1
1994091501,,,1
2016110401,,,1
2021092052,,,1
2022080110,,,1
2024031806,,,1
2016051002,,,1
2009121601,,,1
2002091601,,,1
2022111551,,,1
2014050201,,,1
2015031604,,,1
2022111851,,,1
2018011601,,,1
2022080113,,,1
2022101715,,,1
2014091603,,,1
2022080115,,,1
2003040101,5,,2
2024041176,,,2
2017040310,,,2
2017021504,,,2
2014080113,,,4
2024042257,,,4
2021051701,,,4
2015091611,,,4
2015091606,,,4
2016080110,,,4
2024041138,,,4
2015090104,,,4
2015090105,,,4
2016051618,,,4
2024041166,,,4
2014051631,,,4
2014051632,,,4
1996010401,,,4
2019010307,,,4
2021081753,,,4
2014080109,,,3
2024041137,,,3
2014051618,,,3
2023030601,,,3
2022080128,,,3
2014051621,,,3
2019011601,,,5
2015051901,,,5
2001111201,,,5
2010041501,,,5
1986090101,,,5
2015030201,,,5
2000020101,2,,
2012071001,,1,
2021012501,,1,
2021012501,,1,
2022101702,,1,
2023020102,,1,
2021090152,,1,
2021010403,,1,
2021010412,,1,
2022070105,,1,
2016070108,,1,
2014020105,,1,
2017070102,,1,
2015090102,,1,
2021071601,,1,
2023070308,,1,
2018080102,,1,
2012071001,,1,
2021080901,,1,
2022010107,,1,
2015070120,,1,
2018011501,,1,
2017070106,,1,
2022091606,,1,
2024031814,,1,
2017020601,,1,
2014101602,,2,
2021010414,,2,
2021010404,,2,
2022080106,,2,
2020020301,,2,
2015050501,,2,
2023040301,,2,
2023020101,,2,
2022010701,,2,
2022010105,,2,
2016011601,,2,
2019030105,,2,
2018110501,,2,
2022090151,,2,
2021060101,,2,
2016061601,,2,
2020030202,,2,
2017010103,,2,
2021110211,,2,
2010050402,,2,
2008092901,,2,
2015111202,,2,
2023020103,,2,
2022081603,,2,
2024041135,,2,
2023050851,,2,
2021021001,,2,
2016011801,,2,
1994090901,,2,
2022060751,,2,
2016010604,,2,
2024021501,,2,
2024031809,,2,
2017052202,,2,
2017010109,,2,
2024020109,,2,
2024041158,,2,
2014101602,,2,
2014020106,,2,
2014021901,,2,
2016070114,,2,
2015070124,,2,
2016022202,,2,
2021081765,,2,
2024030108,,2,
2015111701,,2,
2006100101,,2,
2016070102,,2,
2023040305,,2,
2020030201,,2,
2020030203,,2,
2022031604,,2,
2024041181,,2,
2021041601,,2,
2023020108,,2,
2005070101,,3,
2021010401,,3,
2014050101,,3,
2016070105,,3,
2014020101,,3,
2016031501,,3,
2024041121,,3,
2024050255,,3,
2024041128,,3,
2021010401,,3,
2023030104,,3,
2014101301,,3,
2017070103,,3,
2024010336,,3,
2020010101,,3,
2024031854,,3,
2022040103,,3,
2017010108,,3,
2015081606,,3,
2020010901,,3,
2019011602,,3,
2022080114,,3,
2021010402,,3,
2019011603,,3,
2021070112,,3,
2020031201,,3,
2018010121,,3,
2018010122,,3,
2017040401,,3,
2021070116,,3,
2014091605,,3,
2014020102,,4,
2021021601,,4,
2018080101,,4,
2021080201,,4,
2021050451,,4,
2018010110,,4,
2021051101,,4,
2021062201,,4,
2017020122,,4,
2021021601,,4,
2023040306,,4,
2001090301,4,,
1994100403,,,6
2014071626,,,6
2016080101,,,6
2016080102,,,6
2016110905,,,6
2022081647,,,6
2015081603,,,6
2006102601,,,6
1994100404,,,6
2014050104,,,6
2016110907,,,6
2014080115,,,6
1997051601,,,6
2016110908,,,6
2016051003,,,6
1999100101,,,6
2014071609,,,6
2016102412,,,6
1994100407,,,6
2016080113,,,6
2014050106,,,6
2016080801,,,6
2015101603,,,6
2017010324,,,6
2016051101,,,6
1999021601,,,6
2014071626,,,6
2017041727,,,6
1994100408,,,6
2015081610,,,6
1991111301,,,6
2014052001,,,6
202301354,,,6
2017071901,,,6
1994100403,,,6
2021070104,,,6
2001112601,,,6
2023040302,,,6
2021070501,,,6
2016090501,,,6
2017020112,,,6
2023110315,,,6
2019072201,,,6
2023081603,,,6
2023081604,,,6
2023110323,,,6
2016102413,,,6
2019080102,,,6
2023022054,,,6
2023010320,,,6
2017020130,,,6
2023040352,,,6
1991010301,,,6
2015081602,,,6
2017020126,,,6
2014050109,,,6
2024010324,,,6
2016051012,,,6
2023061601,,,6
2017071002,,,6
2015091803,,,6
2023021702,,,6
2007071601,,,6
2024010302,,,6
2015091801,,,6
2015082601,,,6
2015090717,,,6
2016090902,,,6
2021070111,,,6
2016051619,,,6
2023061601,,,6
2016102407,,,6
2024010311,,,6
2023021608,,,6
2024010319,,,6
2016080120,,,6
2023080128,,,6
2024010329,,,6
1994091502,,,6
2017020106,,,6
2022091602,,,6
2022091603,,,6
2022091604,,,6
2017071002,,,6
1982022201,,,6
2022090102,,,6
2017010305,,,6
2016110904,,,6
2017021502,,,6
2017041712,,,6
2016110911,,,6
2022081653,,,6
2017020104,,,6
2017041704,,,6
2017041708,,,6
2022081643,,,6
2016080115,,,6
1994100402,,,6
1989040102,,,6
1982022201,,,6
2001112601,,,6
2023010320,,,6
1991010301,,,6
2014050109,,,6
2014071626,,,6
2021070501,,,6
2016090501,,,6
2019072201,,,6
2016102413,,,6
2023110322,,,6
2001102301,,,6
2016102401,,,6
2024041601,,,6
2022091601,,,6
2024010303,,,6
2024010304,,,6
2017010304,,,6
2023060103,,,6
2016091502,,,6
2015091602,,,6
2022081633,,,6
1982022201,,,6
2023110313,,,6
2017020110,,,6
2018010801,,,6
2018012403,,,6
2024041608,,,6
2016090104,,,6
2023080211,,,6
2017010317,,,6
2015091609,,,6
2016110910,,,6
2015082502,,,6
2016110912,,,6
2015090716,,,6
2015091701,,,6
2019100108,,,6
2023110329,,,6
2015090717,,,6
2020040102,,,6
2017070304,,,6
2022081639,,,6
2023110332,,,6
2024041184,,,6
2018010303,,,6
2024031802,,,6
2024031801,,,6
2023110314,,,6
2021070801,,,6
2016111001,,,6
2016102405,,,6
2014080104,,,6
2014071635,,,6
2014071628,,,6
2014071621,,,6
2014071603,,,6
2003062001,,,6
2001111202,,,6
2001102301,,,6
1992112501,,,6
2021070801,,,6
2016111001,,,6
2014080104,,,6
2006112701,,,6
2002121601,,,6
2014051608,,,6
2005110901,,,6
2014071606,,,6
2015082503,,,6
2015080301,,,6
2003120501,,,6
1996100201,,,6
2024031804,,,6
2023070302,,,6
2023111304,,,6
2024031810,,,6
2020042701,,,6
2023111501,,,6
2023110330,,,6
2023010317,,,6
2014070110,,,6
2023060115,,,6
2008120101,,,6
1994100401,,,6
2004100601,,,6
1994100405,,,6
1994100406,,,6
2016102419,,,6
2004021601,,,6
2015100103,,,6
2017020111,,,6
1988061601,,7,
2016071802,,,8
1996092001,,,8
2017041702,,,8
2014062001,,,8
2016080105,,,8
2016080108,,,8
2004071601,,,8
2023111302,,,8
1987070101,,,8
2004011601,,,8
2004051101,,,8
2016060109,,,8
2017010328,,,8
2016080116,,,8
2014062008,,,8
2014062301,,,8
2023110304,,,8
2014071631,,,8
2023111301,,,8
2016051601,,,8
2023021601,,,8
2004081601,4,,
2017010301,,,8
2020040101,,,8
2015110202,,,8
2015071401,,,8
2016110901,,,8
2006051601,,,8
2014071604,,,8
2019022002,,,8
2023021701,,,8
2022081613,,,8
2016071103,,,8
2019031801,,,8
2017041703,,,8
2018012402,,,8
2018010304,,,8
2022090103,,,8
2014071616,,,8
2023070307,,,8
2017040304,,,8
2015081605,,,8
2014080112,,,8
2023110606,,,8
2016060107,,,8
2017040305,,,8
2022081622,,,8
2022081624,,,8
2015081607,,,8
2017040311,,,8
2017041723,,,8
2016061607,,,8
2015101602,,,8
2019031101,,,8
2001110501,,,8
2015082504,,,8
2014080116,,,8
2016110914,,,8
2003120901,,,8
2014071623,,,8
2015081713,,,8
2017010331,,,8
2014071624,,,8
2015091608,,,8
2016060112,,,8
2015091612,,,8
2008030101,,,8
2016071101,,,8
2020032701,,,8
2017050205,,,8
2017031604,,,8
2023110331,,,8
2021070115,,,8
2014091501,,,8
2017010338,,,8
2015080307,,,8
2015090718,,,8
2021070117,,,8
2004081601,4,,
2024012257,,,8
2023110322,,,8
2023021702,,,8
2023031614,,,8
2015091603,,,8
2015081703,,,8
2014071631,,,8
2014052003,,,8
2010102701,,,8
2007071601,,,8
2003011601,,,8
2001100101,,,8
2014071631,,,8
2022081606,,,8
2017040311,,,8
2015081703,,,8
2015091603,,,8
2015090708,,,8
2014080105,,,8
2015081608,,,8
1991042301,,,8
2015091612,,,8
2015081717,,,8
2016060103,,,8
2023110301,,,8
2023110309,,,8
2023070304,,,8
2016102408,,,8
2017050208,,,8
2023110318,,,8
2023111502,,,8
2023031614,,,8
2001100101,,,8
2014052003,,,8
2015110203,,,8
2003011601,,,8
2022090106,,,8
2008030101,,,8
1994100409,,,8
2015091608,,,8
2023021602,,,9
2023010309,,,9
2022081642,,,9
2014071607,,,9
2022080133,,,9
2015081604,,,9
2013010103,,,9
2023090106,,,9
2017010501,,,9
2023031605,,,9
2016070115,,,9
2017020124,,,9
2019100103,,,9
2024041612,,,9
2015091613,,,9
2024041614,,,9
